{
  "announcements": [
    {
      "id": 1,
      "title": "Sample Announcement 1",
      "customerName": "Customer A",
      "isActive": true,
      "deadlineDate": "Sat Feb 01 2024 00:21:32 GMT+0400"
    },
    {
      "id": 2,
      "title": "Sample Announcement 2",
      "customerName": "Customer B",
      "isActive": false,
      "deadlineDate": "Sun Feb 02 2024 00:21:32 GMT+0400"
    },
    {
      "id": 3,
      "title": "Sample Announcement 3",
      "customerName": "Customer C",
      "isActive": true,
      "deadlineDate": "Mon Feb 03 2024 00:21:32 GMT+0400"
    },
    {
      "id": 4,
      "title": "Sample Announcement 4",
      "customerName": "Customer D",
      "isActive": false,
      "deadlineDate": "Tue Feb 04 2024 00:21:32 GMT+0400"
    },
    {
      "id": 5,
      "title": "Sample Announcement 5",
      "customerName": "Customer E",
      "isActive": true,
      "deadlineDate": "Wed Feb 05 2024 00:21:32 GMT+0400"
    },
    {
      "id": 6,
      "title": "Sample Announcement 6",
      "customerName": "Customer F",
      "isActive": false,
      "deadlineDate": "Thu Feb 06 2024 00:21:32 GMT+0400"
    },
    {
      "id": 7,
      "title": "Sample Announcement 7",
      "customerName": "Customer G",
      "isActive": true,
      "deadlineDate": "Fri Feb 07 2024 00:21:32 GMT+0400"
    },
    {
      "id": 8,
      "title": "Sample Announcement 8",
      "customerName": "Customer H",
      "isActive": false,
      "deadlineDate": "Sat Feb 08 2024 00:21:32 GMT+0400"
    },
    {
      "id": 9,
      "title": "Sample Announcement 9",
      "customerName": "Customer I",
      "isActive": true,
      "deadlineDate": "Sun Feb 09 2024 00:21:32 GMT+0400"
    },
    {
      "id": 10,
      "title": "Sample Announcement 10",
      "customerName": "Customer J",
      "isActive": false,
      "deadlineDate": "Mon Feb 10 2024 00:21:32 GMT+0400"
    }

  ]
}
